{"has_child":1,"home_url":"https:\/\/playdev.online","root_flag":"custom","php_version":"8.0.28","mysql_version":"10.6.12","wp_version":"6.2.2","child_file":{"playdev.online_wpvivid-64a2f182bb75d_2023-07-03-19-04_backup_db.zip":{"files":["playdev.online_wpvivid-64a2f182bb75d_2023-07-03-19-04_backup_db.sql"],"tables":[{"name":"wp_wpforms_tasks_meta","size":16384,"rows":"5"},{"name":"wp_actionscheduler_claims","size":32768,"rows":"0"},{"name":"wp_actionscheduler_groups","size":32768,"rows":"2"},{"name":"wp_e_events","size":32768,"rows":"0"},{"name":"wp_links","size":32768,"rows":"0"},{"name":"wp_term_relationships","size":32768,"rows":"39"},{"name":"wp_actionscheduler_logs","size":49152,"rows":"42"},{"name":"wp_commentmeta","size":49152,"rows":"0"},{"name":"wp_litespeed_url","size":49152,"rows":"0"},{"name":"wp_term_taxonomy","size":49152,"rows":"8"},{"name":"wp_termmeta","size":49152,"rows":"0"},{"name":"wp_terms","size":49152,"rows":"8"},{"name":"wp_usermeta","size":49152,"rows":"28"},{"name":"wp_users","size":65536,"rows":"0"},{"name":"wp_wpforms_payment_meta","size":65536,"rows":"0"},{"name":"wp_comments","size":98304,"rows":"2"},{"name":"wp_litespeed_url_file","size":98304,"rows":"0"},{"name":"wp_actionscheduler_actions","size":131072,"rows":"24"},{"name":"wp_wpforms_payments","size":163840,"rows":"0"},{"name":"wp_options","size":4800512,"rows":"462"},{"name":"wp_posts","size":9142272,"rows":"953"},{"name":"wp_postmeta","size":10485760,"rows":"4624"}],"dump_db":1,"file_type":"databases","home_url":"https:\/\/playdev.online","root_flag":"custom","php_version":"8.0.28","mysql_version":"10.6.12","wp_version":"6.2.2","file":"playdev.online_wpvivid-64a2f182bb75d_2023-07-03-19-04_backup_db.part001.zip"},"playdev.online_wpvivid-64a2f182bb75d_2023-07-03-19-04_backup_themes.zip":{"file_type":"themes","root_flag":"wp-content","php_version":"8.0.28","mysql_version":"10.6.12","wp_version":"6.2.2","themes":{"astra":{"slug":"astra"},"twentytwentyone":{"slug":"twentytwentyone"},"twentytwentythree":{"slug":"twentytwentythree"},"twentytwentytwo":{"slug":"twentytwentytwo"}},"file":"playdev.online_wpvivid-64a2f182bb75d_2023-07-03-19-04_backup_themes.part001.zip"},"playdev.online_wpvivid-64a2f182bb75d_2023-07-03-19-04_backup_plugin.zip":{"file_type":"plugin","root_flag":"wp-content","php_version":"8.0.28","mysql_version":"10.6.12","wp_version":"6.2.2","plugin":{"akismet":{"slug":"akismet"},"all-in-one-wp-migration":{"slug":"all-in-one-wp-migration"},"contact-form-7":{"slug":"contact-form-7"},"elementor":{"slug":"elementor"},"hostinger":{"slug":"hostinger"},"litespeed-cache":{"slug":"litespeed-cache"},"portfolio-elementor":{"slug":"portfolio-elementor"},"wpforms-lite":{"slug":"wpforms-lite"}},"file":"playdev.online_wpvivid-64a2f182bb75d_2023-07-03-19-04_backup_plugin.part001.zip"},"playdev.online_wpvivid-64a2f182bb75d_2023-07-03-19-04_backup_uploads.zip":{"file_type":"upload","root_flag":"wp-content","php_version":"8.0.28","mysql_version":"10.6.12","wp_version":"6.2.2","file":"playdev.online_wpvivid-64a2f182bb75d_2023-07-03-19-04_backup_uploads.part001.zip"},"playdev.online_wpvivid-64a2f182bb75d_2023-07-03-19-04_backup_content.zip":{"file_type":"wp-content","root_flag":"wp-content","php_version":"8.0.28","mysql_version":"10.6.12","wp_version":"6.2.2","file":"playdev.online_wpvivid-64a2f182bb75d_2023-07-03-19-04_backup_content.part001.zip"},"playdev.online_wpvivid-64a2f182bb75d_2023-07-03-19-04_backup_core.zip":{"file_type":"wp-core","include_path":["wp-includes","wp-admin"],"wp_core":1,"root_flag":"root","home_url":"https:\/\/playdev.online","file":"playdev.online_wpvivid-64a2f182bb75d_2023-07-03-19-04_backup_core.part001.zip"}},"file":"playdev.online_wpvivid-64a2f182bb75d_2023-07-03-19-04_backup_all.part001.zip"}